"","ATE","ATE_cluster","ATE_agg","variance","coverage","bias_se","cov_se","parametric","ICC","independent"
"1",0.1742373,0.125432838791461,0.128974676086768,0.000700155016722812,0.944,0.00118334696241027,0.0102824121683582,FALSE,0.01,FALSE
"2",0.17401658,0.186667318021442,0.189035971179319,0.000799922374166175,0.958,0.00126484969396856,0.00897061870775924,TRUE,0.01,FALSE
"3",0.16346944,0.118005420685594,0.120777507279033,0.00125501144619016,0.954,0.00158430517653018,0.00936845771725528,FALSE,0.1,FALSE
"4",0.16349772,0.173971661834773,0.176980755379954,0.00134778455308274,0.974,0.00164181884084861,0.00711674082709214,TRUE,0.1,FALSE
"5",0.17390166,0.191573711166092,0.195647465142261,0.00101909607895236,0.976,0.00142765267411395,0.00684455988358638,FALSE,0.01,TRUE
"6",0.174,0.192576427865809,0.194110775818356,0.00088229028266822,0.972,0.00132837515986126,0.00737780455149091,TRUE,0.01,TRUE
"7",0.16358628,0.180509499888184,0.185236370569005,0.00137438459692426,0.976,0.00165794125162761,0.00684455988358638,FALSE,0.1,TRUE
"8",0.16360246,0.181372088980556,0.186566369488434,0.00157677901528425,0.956,0.0017758260135972,0.00917213170424412,TRUE,0.1,TRUE
