"","ATE","ATE_est","variance","coverage","bias_se","cov_se","parametric","ICC","independent"
"1",0.17412084,0.114450856109389,0.000605328920165737,0.774,0.00110029897770173,0.0187042241218394,FALSE,0.01,FALSE
"2",0.17403312,0.176439980067521,0.000403683291370657,1,0.000898535799365454,0,TRUE,0.01,FALSE
"3",0.16376154,0.106361852168558,0.00118257612908281,0.878,0.00153790515252587,0.0146366662871024,FALSE,0.1,FALSE
"4",0.16357386,0.166009547371951,0.00100661082972568,0.99,0.00141888042464873,0.0044497190922574,TRUE,0.1,FALSE
"5",0.17394522,0.17488568443469,0.000578417256397792,1,0.00107556241696871,0,FALSE,0.01,TRUE
"6",0.17391588,0.175429292806648,0.000714038213832459,0.998,0.0011950215176577,0.00199799899899875,TRUE,0.01,TRUE
"7",0.16358086,0.164410263166094,0.0011806427247096,0.994,0.00153664747076849,0.00345369367489359,FALSE,0.1,TRUE
"8",0.16367362,0.167604636770935,0.00126716268056948,0.99,0.00159195645704867,0.0044497190922574,TRUE,0.1,TRUE
