"","ATE","ATE_est","variance","coverage","bias_se","cov_se","size","parametric","independent"
"1",0.176710878364119,0.142651272327415,0.00416376767210485,0.908,0.00288574693003557,0.01292563344676,"small",FALSE,FALSE
"2",0.176750284347605,0.146613819034789,0.000963288757039707,0.818,0.00138801207274267,0.0172554918793989,"large",FALSE,FALSE
"3",0.175832620393527,0.16710407341836,0.00615464121270858,0.94,0.00350845869655283,0.0106207344378814,"small",TRUE,FALSE
"4",0.177006410758497,0.174616922811743,0.00146398560813198,0.95,0.00171113156018582,0.00974679434480897,"large",TRUE,FALSE
"5",0.176415177764412,0.177206577012368,0.00322870180921147,0.946,0.00254114218776182,0.0101078187557949,"small",FALSE,TRUE
"6",0.176829822649227,0.174672870535828,0.000808706945081506,0.942,0.00127177588047699,0.0104533248299285,"large",FALSE,TRUE
"7",0.176418797259061,0.174198658561575,0.00518600029056531,0.938,0.00322055904791864,0.0107848041243223,"small",TRUE,TRUE
"8",0.176712554902344,0.178926042361916,0.0012212561251576,0.942,0.00156285388002692,0.0104533248299285,"large",TRUE,TRUE
