"","ATE","ATE_est","variance","coverage","bias_se","cov_se","size","parametric","independent"
"1",0.176586378326612,0.143590340469495,0.00347816819472827,0.912,0.00263748675626183,0.0126693330526907,"small",FALSE,FALSE
"2",0.176261798768034,0.145114943470078,0.000962738271512312,0.79,0.00138761541610946,0.018215378118502,"large",FALSE,FALSE
"3",0.177077329653898,0.163798695042009,0.00561930879690055,0.948,0.00335240474790875,0.00992935043192656,"small",TRUE,FALSE
"4",0.176565879131312,0.172172033439129,0.00143362516548269,0.934,0.00169329570098237,0.0111035129576184,"large",TRUE,FALSE
"5",0.177390067528195,0.176313980614542,0.00342406140485574,0.936,0.00261689182231736,0.0109456840809517,"small",FALSE,TRUE
"6",0.176598545287897,0.17752453364735,0.000754710620317599,0.94,0.00122858505632911,0.0106207344378814,"large",FALSE,TRUE
"7",0.176623157832577,0.170451699488314,0.00479337221156712,0.948,0.00309624682852227,0.00992935043192656,"small",TRUE,TRUE
"8",0.176582709696002,0.173114709134684,0.00110532392648496,0.956,0.00148682475529899,0.00917213170424412,"large",TRUE,TRUE
