"","ATE","ATE_est","variance","coverage","bias_se","cov_se","size","parametric","independent"
"1",0.176710878364119,0.142651272327415,0.00416376767210485,0.908,0.00288574693003557,0.01292563344676,"small",FALSE,FALSE
"2",0.176750284347605,0.146613819034789,0.000963288757039707,0.818,0.00138801207274267,0.0172554918793989,"large",FALSE,FALSE
"3",0.175832620393527,0.0924443904441449,0.00532572206517859,0.772,0.00326365502624851,0.0187625158227781,"small",TRUE,FALSE
"4",0.177006410758497,0.098861073343532,0.00127734620501292,0.34,0.00159834051754495,0.0211849002829846,"large",TRUE,FALSE
"5",0.176415177764412,0.177206577012368,0.00322870180921147,0.946,0.00254114218776182,0.0101078187557949,"small",FALSE,TRUE
"6",0.176829822649227,0.174672870535828,0.000808706945081506,0.942,0.00127177588047699,0.0104533248299285,"large",FALSE,TRUE
"7",0.176418797259061,0.176412622858869,0.00391416467751537,0.93,0.00279791518009941,0.0114105214604767,"small",TRUE,TRUE
"8",0.176712554902344,0.179700844653468,0.00075937657702863,0.958,0.00123237703405137,0.00897061870775924,"large",TRUE,TRUE
