"","ATE","ATE_est","variance","coverage","bias_se","cov_se","size","parametric","ICC","independent"
"1",0.176160720710164,0.116407545236464,0.00297628418124247,0.8,0.00545553313732258,0.04,"small",0,0.01,0
"2",0.176108582634738,0.116161328156268,0.00116700184622817,0.51,0.00341614087272198,0.0499899989998,"large",0,0.01,0
